kind,coin,symbol,send_time,bar_open,time_ms,close,multiple,bar_return,prior_24h_return,oi,oi_value_usdt,oi_age_min,oi_pct_15m,oi_pct_1h,oi_pct_4h,oi_val_pct_15m,oi_z7,corr_2h,corr_4h,ret_15m,ret_60m,ret_4h,ret_1d,in_ref,ref_id,note
base,SAND,SANDUSDT,2026-09-02 19:15,2026-09-02 19:00,1788347700000,0.0376,12.6004,0.014845,-0.013053,201530550.0,7551349.71,0.0,0.000675,-0.008445,-0.006912,0.016352,0.161,0.127,-0.02,0.0015957446808509967,0.017287234042553168,0.011436170212765884,0.04414893617021276,False,,
base,SAGA,SAGAUSDT,2026-09-15 15:30,2026-09-15 15:15,1789457400000,0.01924,24.2663,0.043384,0.048919,360847873.4,6962978.3,0.0,0.037592,0.043026,0.047777,0.048825,4.817,0.952,0.875,0.010914760914760846,-0.040020790020790065,0.05925155925155923,0.04158004158004158,True,saga,參考日主升 · 窗內第一筆（錨點 09-15 17:37，領先約 127 分）
base,GTC,GTCUSDT,2026-09-18 21:45,2026-09-18 21:30,1789739100000,0.08054,13.4097,0.016021,0.039061,15305255.6,1230487.3,0.0,-0.001371,0.002302,0.005292,0.012337,-0.926,-0.139,-0.27,-0.006953066799106122,-0.000993295257015081,0.015892724112242407,0.05078222001489929,False,,
base,SAGA,SAGAUSDT,2026-09-19 01:00,2026-09-19 00:45,1789750800000,0.02143,19.0626,0.036267,-0.006724,446087935.9,11036215.53,0.0,0.084677,0.090218,0.079767,0.28709,16.668,0.857,0.815,0.35557629491367226,0.19925338310779273,0.184321045263649,0.18198786747550155,False,,
base,SAND,SANDUSDT,2026-09-19 08:15,2026-09-19 08:00,1789776900000,0.03922,32.2609,0.01501,0.049715,151561256.0,5923013.88,0.0,0.005032,0.018107,0.022492,-0.038818,1.81,0.378,0.261,0.0020397756246812726,-0.0038245792962773306,0.01861295257521678,0.029066802651708468,False,,
base,GTC,GTCUSDT,2026-09-20 10:15,2026-09-20 10:00,1789870500000,0.08675,10.8963,0.010483,0.051568,15251118.4,1332458.34,0.0,-0.004724,-0.006598,-0.010043,0.01171,-2.473,-0.861,-0.507,0.005648414985590877,-0.023400576368875936,-0.02812680115273769,-0.03273775216138319,False,,
base,SAND,SANDUSDT,2026-09-20 11:30,2026-09-20 11:15,1789875000000,0.04052,14.118,0.027383,-0.011529,138905785.0,5679436.66,0.0,0.015383,-0.011481,-0.008406,0.038158,4.782,0.872,0.778,0.010612043435340501,-0.008637709772951752,-0.02369200394866744,0.004689042448173808,False,,
base,GTC,GTCUSDT,2026-09-21 02:30,2026-09-21 02:15,1789929000000,0.08508,16.2724,0.013823,-0.013402,15578735.5,1318741.99,0.0,-0.004324,0.009583,0.007724,-0.008906,-2.19,-0.444,-0.318,-0.00869769628584871,-0.01574988246356379,-0.009285378467324912,0.02186177715091686,False,,
base,GTC,GTCUSDT,2026-09-21 13:00,2026-09-21 12:45,1789966800000,0.0858,24.4798,0.011792,-0.00106,15618461.9,1327762.77,0.0,-0.002649,-0.001142,0.005761,-0.001329,-1.43,-0.645,-0.323,-0.013170163170163285,-0.006177156177156196,0.014568764568764658,0.014452214452214562,False,,
base,QNT,QNTUSDT,2026-09-22 13:15,2026-09-22 13:00,1790054100000,67.52,27.0795,0.010325,0.019683,55460.3,3712512.48,0.0,-0.009821,-0.011013,-0.027807,-0.007845,-2.4,-0.854,-0.72,-0.009922985781990579,-0.0007405213270141875,-0.003998815165876746,0.11685426540284372,False,,
base,QNT,QNTUSDT,2026-09-22 18:15,2026-09-22 18:00,1790072100000,68.45,10.7327,0.012424,0.019451,55961.9,3839545.96,0.0,0.025586,0.025903,0.022298,0.041371,6.032,0.464,0.343,0.002337472607742752,0.013878743608473298,0.059167275383491535,0.09627465303140981,False,,
base,SAGA,SAGAUSDT,2026-09-23 00:30,2026-09-23 00:15,1790094600000,0.03922,31.1818,0.047823,0.026323,489373755.3,19427976.59,0.0,-0.000595,0.020974,0.018975,0.070012,-0.123,-0.232,-0.106,-0.010198878123406363,-0.02371239163691996,-0.035951045385007485,0.27231004589495167,False,,
base,SAND,SANDUSDT,2026-09-23 04:30,2026-09-23 04:15,1790109000000,0.04296,19.0946,0.010111,0.024079,163217155.0,7028556.69,0.0,0.002739,-0.002061,0.002207,0.015105,0.739,0.241,0.424,-0.0011638733705773285,-0.00442271880819356,0.013500931098696656,-0.0677374301675977,False,,
base,SAGA,SAGAUSDT,2026-09-23 12:45,2026-09-23 12:30,1790138700000,0.04314,11.2498,0.067029,0.011509,496593527.5,21281058.75,0.0,0.007473,0.00688,0.00463,0.055716,1.27,0.964,0.936,-0.00046360686138158247,0.032916087158090024,0.025961984237366842,0.05192396847473346,False,,
base,SAND,SANDUSDT,2026-09-24 22:30,2026-09-24 22:15,1790260200000,0.04292,10.5679,0.019235,0.000713,157526425.0,6756308.37,0.0,0.009937,0.015542,0.028238,0.01923,2.445,0.759,0.664,-0.010251630941286227,-0.022134203168685862,-0.007921714818266534,0.043569431500465994,False,,
base,SAGA,SAGAUSDT,2026-09-25 05:30,2026-09-25 05:15,1790285400000,0.05793,96.6582,0.383568,-0.157715,499677758.7,28060393.9,0.0,-0.013325,0.003208,0.003953,0.15125,-2.422,-0.779,-0.733,0.04695321940272734,0.19281891938546503,0.1653720006904884,-0.36716727084412226,False,,
base,GTC,GTCUSDT,2026-09-25 20:15,2026-09-25 20:00,1790338500000,0.0897,10.0684,0.011616,0.061408,17081460.9,1515701.06,0.0,0.000465,0.002409,0.017276,-0.00282,0.135,0.258,0.256,0.00011148272017824645,-0.004124860646599671,0.010813823857302118,0.02753623188405796,False,,
base,GTC,GTCUSDT,2026-09-29 14:15,2026-09-29 14:00,1790662500000,0.08607,18.0513,0.018098,-0.03006,17457324.7,1510691.94,0.0,0.000358,0.001007,0.003032,0.018056,0.135,0.254,0.06,0.007087254560241618,0.00255605902172662,0.009178575578018044,0.04043220634367395,False,,
base,GTC,GTCUSDT,2026-09-30 03:00,2026-09-30 02:45,1790708400000,0.08807,21.4447,0.020983,0.009716,17676166.2,1550906.82,0.0,0.001901,0.002073,0.011966,0.020124,1.027,0.21,-0.172,-0.007948223004428212,-0.016918360395140164,-0.014306801407970915,0.06279096173498355,True,gtc,參考日 · 窗內第一筆（錨點 09-30 15:30，領先約 750 分）
base,SAND,SANDUSDT,2026-10-02 00:00,2026-10-01 23:45,1790870400000,0.04405,10.758,0.029928,-0.02016,171222622.0,7586802.47,0.0,0.038073,0.040513,0.034985,0.069158,11.537,0.917,0.849,-0.007945516458569668,-0.01725312145289437,0.00567536889897835,0.40454029511918277,True,sand,參考日 · 窗內第一筆（錨點 10-02 12:59，領先約 779 分）
