mode,id,label,n,per_day_per_coin,SAGA,GTC,SAND,QNT,med_15m,med_60m,med_4h,med_1d,pos_1d,ref_n,ref_caught,saga_first,gtc_first,sand_first,qnt_first
and20,base,初期規則（無 OI）,20,0.1456,5,7,6,2,-0.000176062070601668,-0.004273789727396615,0.011124997035034001,0.04257473654025379,0.85,3,"saga,gtc,sand",2026-09-15 15:30,2026-09-30 03:00,2026-10-02 00:00,
rescan,base,初期規則（無 OI）,20,0.1456,5,7,6,2,-0.000176062070601668,-0.004273789727396615,0.011124997035034001,0.04257473654025379,0.85,3,"saga,gtc,sand",2026-09-15 15:30,2026-09-30 03:00,2026-10-02 00:00,
and20,oi15,合約 OI 同根 15m Δ>0,13,0.0946,3,3,6,1,0.0015957446808509967,-0.004124860646599671,0.011436170212765884,0.043569431500465994,0.9231,3,"saga,gtc,sand",2026-09-15 15:30,2026-09-30 03:00,2026-10-02 00:00,
rescan,oi15,合約 OI 同根 15m Δ>0,13,0.0946,3,3,6,1,0.0015957446808509967,-0.004124860646599671,0.011436170212765884,0.043569431500465994,0.9231,3,"saga,gtc,sand",2026-09-15 15:30,2026-09-30 03:00,2026-10-02 00:00,
and20,oi1h,合約 OI 近 1h Δ>0,14,0.1019,5,5,3,1,-0.000176062070601668,-0.003974719971438501,0.013353273984772263,0.04717582575768264,0.9286,3,"saga,gtc,sand",2026-09-15 15:30,2026-09-30 03:00,2026-10-02 00:00,
rescan,oi1h,合約 OI 近 1h Δ>0,14,0.1019,5,5,3,1,-0.000176062070601668,-0.003974719971438501,0.013353273984772263,0.04717582575768264,0.9286,3,"saga,gtc,sand",2026-09-15 15:30,2026-09-30 03:00,2026-10-02 00:00,
and20,oi4h,合約 OI 近 4h Δ>0,16,0.1164,5,6,4,1,-0.0008137401159794555,-0.004273789727396615,0.014034847833730657,0.04257473654025379,0.875,3,"saga,gtc,sand",2026-09-15 15:30,2026-09-30 03:00,2026-10-02 00:00,
rescan,oi4h,合約 OI 近 4h Δ>0,16,0.1164,5,6,4,1,-0.0008137401159794555,-0.004273789727396615,0.014034847833730657,0.04257473654025379,0.875,3,"saga,gtc,sand",2026-09-15 15:30,2026-09-30 03:00,2026-10-02 00:00,
and20,oi15_1h,15m 與 1h OI 都增加,10,0.0728,3,3,3,1,0.0010756291724297595,-0.003974719971438501,0.014713388216259449,0.04774669998759973,1.0,3,"saga,gtc,sand",2026-09-15 15:30,2026-09-30 03:00,2026-10-02 00:00,
rescan,oi15_1h,15m 與 1h OI 都增加,10,0.0728,3,3,3,1,0.0010756291724297595,-0.003974719971438501,0.014713388216259449,0.04774669998759973,1.0,3,"saga,gtc,sand",2026-09-15 15:30,2026-09-30 03:00,2026-10-02 00:00,
and20,oi15_4h,15m 與 4h OI 都增加,11,0.0801,3,3,4,1,0.00011148272017824645,-0.004124860646599671,0.013500931098696656,0.043569431500465994,0.9091,3,"saga,gtc,sand",2026-09-15 15:30,2026-09-30 03:00,2026-10-02 00:00,
rescan,oi15_4h,15m 與 4h OI 都增加,11,0.0801,3,3,4,1,0.00011148272017824645,-0.004124860646599671,0.013500931098696656,0.043569431500465994,0.9091,3,"saga,gtc,sand",2026-09-15 15:30,2026-09-30 03:00,2026-10-02 00:00,
and20,oi_all,15m+1h+4h OI 都增加,10,0.0728,3,3,3,1,0.0010756291724297595,-0.003974719971438501,0.014713388216259449,0.04774669998759973,1.0,3,"saga,gtc,sand",2026-09-15 15:30,2026-09-30 03:00,2026-10-02 00:00,
rescan,oi_all,15m+1h+4h OI 都增加,10,0.0728,3,3,3,1,0.0010756291724297595,-0.003974719971438501,0.014713388216259449,0.04774669998759973,1.0,3,"saga,gtc,sand",2026-09-15 15:30,2026-09-30 03:00,2026-10-02 00:00,
and20,z1,15m OI% 的 7 日 z≥1,9,0.0655,3,1,4,1,0.0020397756246812726,-0.008637709772951752,0.01861295257521678,0.05192396847473346,1.0,3,"saga,gtc,sand",2026-09-15 15:30,2026-09-30 03:00,2026-10-02 00:00,
rescan,z1,15m OI% 的 7 日 z≥1,9,0.0655,3,1,4,1,0.0020397756246812726,-0.008637709772951752,0.01861295257521678,0.05192396847473346,1.0,3,"saga,gtc,sand",2026-09-15 15:30,2026-09-30 03:00,2026-10-02 00:00,
and20,z15,15m OI% 的 7 日 z≥1.5,7,0.0509,2,0,4,1,0.002337472607742752,-0.008637709772951752,0.01861295257521678,0.043569431500465994,1.0,2,"saga,sand",2026-09-15 15:30,,2026-10-02 00:00,
rescan,z15,15m OI% 的 7 日 z≥1.5,7,0.0509,2,0,4,1,0.002337472607742752,-0.008637709772951752,0.01861295257521678,0.043569431500465994,1.0,2,"saga,sand",2026-09-15 15:30,,2026-10-02 00:00,
and20,z2,15m OI% 的 7 日 z≥2,6,0.0437,2,0,3,1,0.006474758021541627,-0.012945415612923061,0.03242132214123494,0.0699220422659379,1.0,2,"saga,sand",2026-09-15 15:30,,2026-10-02 00:00,
rescan,z2,15m OI% 的 7 日 z≥2,6,0.0437,2,0,3,1,0.006474758021541627,-0.012945415612923061,0.03242132214123494,0.0699220422659379,1.0,2,"saga,sand",2026-09-15 15:30,,2026-10-02 00:00,
and20,corr2,近 2h 價與 OI 相關 >0,13,0.0946,3,3,6,1,0.0015957446808509967,-0.004124860646599671,0.011436170212765884,0.043569431500465994,0.9231,3,"saga,gtc,sand",2026-09-15 15:30,2026-09-30 03:00,2026-10-02 00:00,
rescan,corr2,近 2h 價與 OI 相關 >0,13,0.0946,3,3,6,1,0.0015957446808509967,-0.004124860646599671,0.011436170212765884,0.043569431500465994,0.9231,3,"saga,gtc,sand",2026-09-15 15:30,2026-09-30 03:00,2026-10-02 00:00,
and20,corr4,近 4h 價與 OI 相關 >0,11,0.0801,3,2,5,1,0.0020397756246812726,-0.004124860646599671,0.013500931098696656,0.04158004158004158,0.9091,2,"saga,sand",2026-09-15 15:30,,2026-10-02 00:00,
rescan,corr4,近 4h 價與 OI 相關 >0,11,0.0801,3,2,5,1,0.0020397756246812726,-0.004124860646599671,0.013500931098696656,0.04158004158004158,0.9091,2,"saga,sand",2026-09-15 15:30,,2026-10-02 00:00,
and20,corr4_03,近 4h 價與 OI 相關 ≥0.3,8,0.0582,3,0,4,1,0.0009369328731805848,-0.006530214290572656,0.01973145766803175,0.04774669998759973,0.875,2,"saga,sand",2026-09-15 15:30,,2026-10-02 00:00,
rescan,corr4_03,近 4h 價與 OI 相關 ≥0.3,8,0.0582,3,0,4,1,0.0009369328731805848,-0.006530214290572656,0.01973145766803175,0.04774669998759973,0.875,2,"saga,sand",2026-09-15 15:30,,2026-10-02 00:00,
and20,oi15_corr4,15m OI↑ 且 4h 相關>0,11,0.0801,3,2,5,1,0.0020397756246812726,-0.004124860646599671,0.013500931098696656,0.04158004158004158,0.9091,2,"saga,sand",2026-09-15 15:30,,2026-10-02 00:00,
rescan,oi15_corr4,15m OI↑ 且 4h 相關>0,11,0.0801,3,2,5,1,0.0020397756246812726,-0.004124860646599671,0.013500931098696656,0.04158004158004158,0.9091,2,"saga,sand",2026-09-15 15:30,,2026-10-02 00:00,
and20,oi15_1h_corr4,15m+1h OI↑ 且 4h 相關>0,9,0.0655,3,2,3,1,0.0020397756246812726,-0.0038245792962773306,0.01861295257521678,0.043569431500465994,1.0,2,"saga,sand",2026-09-15 15:30,,2026-10-02 00:00,
rescan,oi15_1h_corr4,15m+1h OI↑ 且 4h 相關>0,9,0.0655,3,2,3,1,0.0020397756246812726,-0.0038245792962773306,0.01861295257521678,0.043569431500465994,1.0,2,"saga,sand",2026-09-15 15:30,,2026-10-02 00:00,
and20,oi15_z1,15m OI↑ 且 z≥1,9,0.0655,3,1,4,1,0.0020397756246812726,-0.008637709772951752,0.01861295257521678,0.05192396847473346,1.0,3,"saga,gtc,sand",2026-09-15 15:30,2026-09-30 03:00,2026-10-02 00:00,
rescan,oi15_z1,15m OI↑ 且 z≥1,9,0.0655,3,1,4,1,0.0020397756246812726,-0.008637709772951752,0.01861295257521678,0.05192396847473346,1.0,3,"saga,gtc,sand",2026-09-15 15:30,2026-09-30 03:00,2026-10-02 00:00,
and20,oi1h_z1,1h OI↑ 且 15m z≥1,8,0.0582,3,1,3,1,0.0007880843816498451,-0.010371469845708747,0.02228746840629181,0.05735746510485851,1.0,3,"saga,gtc,sand",2026-09-15 15:30,2026-09-30 03:00,2026-10-02 00:00,
rescan,oi1h_z1,1h OI↑ 且 15m z≥1,8,0.0582,3,1,3,1,0.0007880843816498451,-0.010371469845708747,0.02228746840629181,0.05735746510485851,1.0,3,"saga,gtc,sand",2026-09-15 15:30,2026-09-30 03:00,2026-10-02 00:00,
and20,val15,名目 OI（USDT）15m Δ>0,15,0.1092,5,4,5,1,0.0015957446808509967,-0.00442271880819356,0.011436170212765884,0.04414893617021276,0.8,3,"saga,gtc,sand",2026-09-15 15:30,2026-09-30 03:00,2026-10-02 00:00,
rescan,val15,名目 OI（USDT）15m Δ>0,15,0.1092,5,4,5,1,0.0015957446808509967,-0.00442271880819356,0.011436170212765884,0.04414893617021276,0.8,3,"saga,gtc,sand",2026-09-15 15:30,2026-09-30 03:00,2026-10-02 00:00,
and20,oi15_pct05,合約 OI 15m ≥+0.5%,8,0.0582,3,0,4,1,0.0021886241162120124,-0.006231144534614541,0.02228746840629181,0.04774669998759973,1.0,2,"saga,sand",2026-09-15 15:30,,2026-10-02 00:00,
rescan,oi15_pct05,合約 OI 15m ≥+0.5%,8,0.0582,3,0,4,1,0.0021886241162120124,-0.006231144534614541,0.02228746840629181,0.04774669998759973,1.0,2,"saga,sand",2026-09-15 15:30,,2026-10-02 00:00,
and20,oi15_pct1,合約 OI 15m ≥+1%,5,0.0364,2,0,2,1,0.010612043435340501,-0.008637709772951752,0.059167275383491535,0.09627465303140981,1.0,2,"saga,sand",2026-09-15 15:30,,2026-10-02 00:00,
rescan,oi15_pct1,合約 OI 15m ≥+1%,5,0.0364,2,0,2,1,0.010612043435340501,-0.008637709772951752,0.059167275383491535,0.09627465303140981,1.0,2,"saga,sand",2026-09-15 15:30,,2026-10-02 00:00,
