symbol,base,status,has_usdt_m,futures_symbol,futures_onboard_ms,skip_reason,in_backtest
0GUSDT,0G,TRADING,1,0GUSDT,1758123900000,,1
,1000000BOB,FUTURES_ONLY,1,1000000BOBUSDT,1749112200000,futures_only_no_spot,0
,1000000MOG,FUTURES_ONLY,1,1000000MOGUSDT,1730982600000,futures_only_no_spot,0
1000CATUSDT,1000CAT,TRADING,1,1000CATUSDT,1729513800000,,1
1000CHEEMSUSDT,1000CHEEMS,TRADING,1,1000CHEEMSUSDT,1732535100000,,1
,1000RATS,FUTURES_ONLY,1,1000RATSUSDT,1702648800000,futures_only_no_spot,0
1000SATSUSDT,1000SATS,TRADING,1,1000SATSUSDT,1702389600000,,1
1INCHUSDT,1INCH,TRADING,1,1INCHUSDT,1608879600000,,1
1MBABYDOGEUSDT,1MBABYDOGE,TRADING,1,1MBABYDOGEUSDT,1726486500000,,1
2ZUSDT,2Z,TRADING,1,2ZUSDT,1759408200000,,1
,4,FUTURES_ONLY,1,4USDT,1759923000000,futures_only_no_spot,0
AAOIBUSDT,AAOIB,TRADING,0,,0,,1
AAPLBUSDT,AAPLB,TRADING,0,,0,,1
AAVEUSDT,AAVE,TRADING,1,AAVEUSDT,1602831600000,,1
ACEUSDT,ACE,TRADING,1,ACEUSDT,1702893600000,,1
ACHUSDT,ACH,TRADING,1,ACHUSDT,1676962800000,,1
ACMUSDT,ACM,TRADING,0,,0,,1
ACTUSDT,ACT,TRADING,1,ACTUSDT,1731327300000,,1
,ACU,FUTURES_ONLY,1,ACUUSDT,1768999500000,futures_only_no_spot,0
ADAUSDT,ADA,TRADING,1,ADAUSDT,1580457600000,,1
ADBEBUSDT,ADBEB,TRADING,0,,0,,1
ADXUSDT,ADX,TRADING,0,,0,,1
AEROUSDT,AERO,TRADING,1,AEROUSDT,1733321700000,,1
AEVOUSDT,AEVO,TRADING,1,AEVOUSDT,1710336600000,,1
AGLDUSDT,AGLD,TRADING,1,AGLDUSDT,1690597800000,,1
AGPUBUSDT,AGPUB,TRADING,0,,0,,1
,AGT,FUTURES_ONLY,1,AGTUSDT,1747737000000,futures_only_no_spot,0
,AIA,FUTURES_ONLY,1,AIAUSDT,1768907700000,futures_only_no_spot,0
AIGENSYNUSDT,AIGENSYN,TRADING,1,AIGENSYNUSDT,1777472100000,,1
,AIN,FUTURES_ONLY,1,AINUSDT,1752144300000,futures_only_no_spot,0
,AIOT,FUTURES_ONLY,1,AIOTUSDT,1746016200000,futures_only_no_spot,0
,AIO,FUTURES_ONLY,1,AIOUSDT,1755084600000,futures_only_no_spot,0
AIUSDT,AI,TRADING,0,,0,,1
AIXBTUSDT,AIXBT,TRADING,1,AIXBTUSDT,1734719400000,,1
,AKE,FUTURES_ONLY,1,AKEUSDT,1758889800000,futures_only_no_spot,0
,AKT,FUTURES_ONLY,1,AKTUSDT,1731929400000,futures_only_no_spot,0
ALABBUSDT,ALABB,TRADING,0,,0,,1
,ALCH,FUTURES_ONLY,1,ALCHUSDT,1736250300000,futures_only_no_spot,0
ALGOUSDT,ALGO,TRADING,1,ALGOUSDT,1592298000000,,1
ALICEUSDT,ALICE,TRADING,1,ALICEUSDT,1615791600000,,1
ALLOUSDT,ALLO,TRADING,1,ALLOUSDT,1762869600000,,1
,ALL,FUTURES_ONLY,1,ALLUSDT,1754472600000,futures_only_no_spot,0
ALPINEUSDT,ALPINE,TRADING,1,ALPINEUSDT,1746524700000,,1
ALTUSDT,ALT,TRADING,1,ALTUSDT,1706191200000,,1
AMATBUSDT,AMATB,TRADING,0,,0,,1
AMCBUSDT,AMCB,TRADING,0,,0,,1
AMDBUSDT,AMDB,TRADING,0,,0,,1
AMPUSDT,AMP,TRADING,0,,0,,1
AMZNBUSDT,AMZNB,TRADING,0,,0,,1
ANIMEUSDT,ANIME,TRADING,1,ANIMEUSDT,1737651600000,,1
ANKRUSDT,ANKR,TRADING,1,ANKRUSDT,1611558000000,,1
APEUSDT,APE,TRADING,1,APEUSDT,1647500400000,,1
API3USDT,API3,TRADING,1,API3USDT,1645426800000,,1
,APR,FUTURES_ONLY,1,APRUSDT,1761215400000,futures_only_no_spot,0
APTUSDT,APT,TRADING,1,APTUSDT,1666076400000,,1
ARBUSDT,ARB,TRADING,1,ARBUSDT,1679554800000,,1
,ARC,FUTURES_ONLY,1,ARCUSDT,1737118800000,futures_only_no_spot,0
,ARIA,FUTURES_ONLY,1,ARIAUSDT,1756897200000,futures_only_no_spot,0
ARKMUSDT,ARKM,TRADING,1,ARKMUSDT,1690512300000,,1
ARKUSDT,ARK,TRADING,1,ARKUSDT,1695133800000,,1
ARMBUSDT,ARMB,TRADING,0,,0,,1
ARPAUSDT,ARPA,TRADING,1,ARPAUSDT,1634540400000,,1
ARUSDT,AR,TRADING,1,ARUSDT,1632812400000,,1
,ARX,FUTURES_ONLY,1,ARXUSDT,1782189900000,futures_only_no_spot,0
ASMLBUSDT,ASMLB,TRADING,0,,0,,1
ASRUSDT,ASR,TRADING,1,ASRUSDT,1746523800000,,1
ASTERUSDT,ASTER,TRADING,1,ASTERUSDT,1758283200000,,1
ASTRUSDT,ASTR,TRADING,1,ASTRUSDT,1676271600000,,1
ASTSBUSDT,ASTSB,TRADING,0,,0,,1
,ATH,FUTURES_ONLY,1,ATHUSDT,1743608700000,futures_only_no_spot,0
ATMUSDT,ATM,TRADING,0,,0,,1
ATOMUSDT,ATOM,TRADING,1,ATOMUSDT,1581077400000,,1
ATUSDT,AT,TRADING,1,ATUSDT,1761737400000,,1
AUCTIONUSDT,AUCTION,TRADING,1,AUCTIONUSDT,1702645200000,,1
AUDIOUSDT,AUDIO,TRADING,0,,0,,1
AUSDT,A,TRADING,1,AUSDT,1748419200000,,1
,AVAAI,FUTURES_ONLY,1,AVAAIUSDT,1737119700000,futures_only_no_spot,0
AVAUSDT,AVA,TRADING,1,AVAUSDT,1734094800000,,1
AVAXUSDT,AVAX,TRADING,1,AVAXUSDT,1600844400000,,1
AVGOBUSDT,AVGOB,TRADING,0,,0,,1
AVNTUSDT,AVNT,TRADING,1,AVNTUSDT,1757430000000,,1
AWEUSDT,AWE,TRADING,1,AWEUSDT,1747814400000,,1
AXLUSDT,AXL,TRADING,1,AXLUSDT,1709307000000,,1
AXSUSDT,AXS,TRADING,1,AXSUSDT,1605855600000,,1
AXTIBUSDT,AXTIB,TRADING,0,,0,,1
,AZTEC,FUTURES_ONLY,1,AZTECUSDT,1770784200000,futures_only_no_spot,0
,B2,FUTURES_ONLY,1,B2USDT,1746538200000,futures_only_no_spot,0
BABABUSDT,BABAB,TRADING,0,,0,,1
BABYUSDT,BABY,TRADING,1,BABYUSDT,1743859800000,,1
BANANAS31USDT,BANANAS31,TRADING,1,BANANAS31USDT,1742634900000,,1
BANANAUSDT,BANANA,TRADING,1,BANANAUSDT,1723687200000,,1
BANDUSDT,BAND,TRADING,1,BANDUSDT,1596006000000,,1
BANKUSDT,BANK,TRADING,1,BANKUSDT,1745001000000,,1
,BAN,FUTURES_ONLY,1,BANUSDT,1731929400000,futures_only_no_spot,0
BARDUSDT,BARD,TRADING,1,BARDUSDT,1758193200000,,1
BARUSDT,BAR,TRADING,0,,0,,1
,BASED,FUTURES_ONLY,1,BASEDUSDT,1774864800000,futures_only_no_spot,0
,BAS,FUTURES_ONLY,1,BASUSDT,1756215000000,futures_only_no_spot,0
BATUSDT,BAT,TRADING,1,BATUSDT,1581581100000,,1
BBUSDT,BB,TRADING,1,BBUSDT,1715603400000,,1
BCHUSDT,BCH,TRADING,1,BCHUSDT,1576745700000,,1
BEAMXUSDT,BEAMX,TRADING,1,BEAMXUSDT,1700227800000,,1
,BEAT,FUTURES_ONLY,1,BEATUSDT,1762949700000,futures_only_no_spot,0
BEBUSDT,BEB,TRADING,0,,0,,1
BELUSDT,BEL,TRADING,1,BELUSDT,1605682800000,,1
BERAUSDT,BERA,TRADING,1,BERAUSDT,1738854000000,,1
BFUSDUSDT,BFUSD,TRADING,0,,0,stable,0
BICOUSDT,BICO,TRADING,1,BICOUSDT,1695904200000,,1
BIGTIMEUSDT,BIGTIME,TRADING,1,BIGTIMEUSDT,1697121000000,,1
,BILL,FUTURES_ONLY,1,BILLUSDT,1778141700000,futures_only_no_spot,0
BIOUSDT,BIO,TRADING,1,BIOUSDT,1735906500000,,1
,BIRB,FUTURES_ONLY,1,BIRBUSDT,1769663700000,futures_only_no_spot,0
,BLESS,FUTURES_ONLY,1,BLESSUSDT,1758619800000,futures_only_no_spot,0
,BLUAI,FUTURES_ONLY,1,BLUAIUSDT,1761046200000,futures_only_no_spot,0
BLURUSDT,BLUR,TRADING,1,BLURUSDT,1682553600000,,1
BMNRBUSDT,BMNRB,TRADING,0,,0,,1
BMTUSDT,BMT,TRADING,1,BMTUSDT,1742218200000,,1
BNBUSDT,BNB,TRADING,1,BNBUSDT,1581321600000,,1
BNCBUSDT,BNCB,TRADING,0,,0,,1
BNSOLUSDT,BNSOL,TRADING,0,,0,,1
BNTUSDT,BNT,TRADING,1,BNTUSDT,1691668800000,,1
BOMEUSDT,BOME,TRADING,1,BOMEUSDT,1710592200000,,1
BONKUSDT,BONK,TRADING,1,1000BONKUSDT,1700661600000,,1
,BRETT,FUTURES_ONLY,1,BRETTUSDT,1724150100000,futures_only_no_spot,0
BREVUSDT,BREV,TRADING,1,BREVUSDT,1767091500000,,1
BROCCOLI714USDT,BROCCOLI714,TRADING,1,BROCCOLI714USDT,1742547600000,,1
,BROCCOLIF3B,FUTURES_ONLY,1,BROCCOLIF3BUSDT,1742548500000,futures_only_no_spot,0
,BR,FUTURES_ONLY,1,BRUSDT,1742561100000,futures_only_no_spot,0
,BSB,FUTURES_ONLY,1,BSBUSDT,1774439100000,futures_only_no_spot,0
,BSV,FUTURES_ONLY,1,BSVUSDT,1697805000000,futures_only_no_spot,0
,BTCDOM,FUTURES_ONLY,1,BTCDOMUSDT,1623913200000,futures_only_no_spot,0
BTCUSDT,BTC,TRADING,1,BTCUSDT,1567965300000,,1
,BTR,FUTURES_ONLY,1,BTRUSDT,1756290600000,futures_only_no_spot,0
BTTCUSDT,BTTC,TRADING,0,,0,,1
,BTW,FUTURES_ONLY,1,BTWUSDT,1780582500000,futures_only_no_spot,0
,BULLA,FUTURES_ONLY,1,BULLAUSDT,1751619600000,futures_only_no_spot,0
,B,FUTURES_ONLY,1,BUSDT,1747931400000,futures_only_no_spot,0
C98USDT,C98,TRADING,1,C98USDT,1629702000000,,1
CAKEUSDT,CAKE,TRADING,1,CAKEUSDT,1698929100000,,1
,CAP,FUTURES_ONLY,1,CAPUSDT,1782560700000,futures_only_no_spot,0
,CARV,FUTURES_ONLY,1,CARVUSDT,1754585100000,futures_only_no_spot,0
CATIUSDT,CATI,TRADING,1,CATIUSDT,1726831800000,,1
CBRSBUSDT,CBRSB,TRADING,0,,0,,1
,CC,FUTURES_ONLY,1,CCUSDT,1761912000000,futures_only_no_spot,0
CELOUSDT,CELO,TRADING,1,CELOUSDT,1632639600000,,1
CELRUSDT,CELR,TRADING,1,CELRUSDT,1617001200000,,1
CETUSUSDT,CETUS,TRADING,1,CETUSUSDT,1730901600000,,1
CFGUSDT,CFG,TRADING,1,CFGUSDT,1773666000000,,1
CFXUSDT,CFX,TRADING,1,CFXUSDT,1676790000000,,1
CGPTUSDT,CGPT,TRADING,1,CGPTUSDT,1734722100000,,1
,CHILLGUY,FUTURES_ONLY,1,CHILLGUYUSDT,1732718700000,futures_only_no_spot,0
CHIPUSDT,CHIP,TRADING,1,CHIPUSDT,1776323700000,,1
CHRUSDT,CHR,TRADING,1,CHRUSDT,1615532400000,,1
CHZUSDT,CHZ,TRADING,1,CHZUSDT,1611212400000,,1
CITYUSDT,CITY,TRADING,0,,0,,1
CKBUSDT,CKB,TRADING,1,CKBUSDT,1677481200000,,1
,CLANKER,FUTURES_ONLY,1,CLANKERUSDT,1762948800000,futures_only_no_spot,0
,CLO,FUTURES_ONLY,1,CLOUSDT,1760441400000,futures_only_no_spot,0
,COAI,FUTURES_ONLY,1,COAIUSDT,1758785400000,futures_only_no_spot,0
COHRBUSDT,COHRB,TRADING,0,,0,,1
COINBUSDT,COINB,TRADING,0,,0,,1
,COLLECT,FUTURES_ONLY,1,COLLECTUSDT,1767186900000,futures_only_no_spot,0
COMPUSDT,COMP,TRADING,1,COMPUSDT,1593507600000,,1
COOKIEUSDT,COOKIE,TRADING,1,COOKIEUSDT,1736249400000,,1
COTIUSDT,COTI,TRADING,1,COTIUSDT,1615273200000,,1
COWUSDT,COW,TRADING,1,COWUSDT,1730899800000,,1
CRCLBUSDT,CRCLB,TRADING,0,,0,,1
CRDOBUSDT,CRDOB,TRADING,0,,0,,1
CRMBUSDT,CRMB,TRADING,0,,0,,1
,CROSS,FUTURES_ONLY,1,CROSSUSDT,1752143400000,futures_only_no_spot,0
CRVUSDT,CRV,TRADING,1,CRVUSDT,1598943600000,,1
CRWDBUSDT,CRWDB,TRADING,0,,0,,1
CRWVBUSDT,CRWVB,TRADING,0,,0,,1
CTKUSDT,CTK,TRADING,1,CTKUSDT,1746008100000,,1
,CTR,FUTURES_ONLY,1,CTRUSDT,1779960600000,futures_only_no_spot,0
CTSIUSDT,CTSI,TRADING,1,CTSIUSDT,1635145200000,,1
,CT,FUTURES_ONLY,1,CTUSDT,1790840700000,futures_only_no_spot,0
CUSDT,C,TRADING,1,CUSDT,1752570000000,,1
CVCUSDT,CVC,TRADING,1,CVCUSDT,1747384200000,,1
CVXUSDT,CVX,TRADING,1,CVXUSDT,1753270200000,,1
CYBERUSDT,CYBER,TRADING,1,CYBERUSDT,1692619200000,,1
CYPHBUSDT,CYPHB,TRADING,0,,0,,1
,CYS,FUTURES_ONLY,1,CYSUSDT,1765537200000,futures_only_no_spot,0
DASHUSDT,DASH,TRADING,1,DASHUSDT,1580803500000,,1
,DATAIP,FUTURES_ONLY,1,DATAIPUSDT,1783061100000,futures_only_no_spot,0
DCRUSDT,DCR,TRADING,0,,0,,1
,DEEP,FUTURES_ONLY,1,DEEPUSDT,1745310600000,futures_only_no_spot,0
DELLBUSDT,DELLB,TRADING,0,,0,,1
DEXEUSDT,DEXE,TRADING,1,DEXEUSDT,1735039800000,,1
DGBUSDT,DGB,TRADING,0,,0,,1
DIAUSDT,DIA,TRADING,1,DIAUSDT,1727872200000,,1
DJTBUSDT,DJTB,TRADING,0,,0,,1
DODOUSDT,DODO,TRADING,0,,0,,1
,DODOX,FUTURES_ONLY,1,DODOXUSDT,1691496000000,futures_only_no_spot,0
DOGEUSDT,DOGE,TRADING,1,DOGEUSDT,1594371600000,,1
DOGSUSDT,DOGS,TRADING,1,DOGSUSDT,1724675400000,,1
DOLOUSDT,DOLO,TRADING,1,DOLOUSDT,1746068400000,,1
,DOOD,FUTURES_ONLY,1,DOODUSDT,1746797400000,futures_only_no_spot,0
,DOS,FUTURES_ONLY,1,DOSUSDT,1786460400000,futures_only_no_spot,0
DOTUSDT,DOT,TRADING,1,DOTUSDT,1598079600000,,1
DRAMBUSDT,DRAMB,TRADING,0,,0,,1
,DRIFT,FUTURES_ONLY,1,DRIFTUSDT,1731080700000,futures_only_no_spot,0
DUSKUSDT,DUSK,TRADING,1,DUSKUSDT,1641452400000,,1
DYDXUSDT,DYDX,TRADING,1,DYDXUSDT,1631170800000,,1
DYMUSDT,DYM,TRADING,1,DYMUSDT,1707289200000,,1
EDENUSDT,EDEN,TRADING,1,EDENUSDT,1759230000000,,1
,EDGE,FUTURES_ONLY,1,EDGEUSDT,1773928800000,futures_only_no_spot,0
EDUUSDT,EDU,TRADING,1,EDUUSDT,1682640000000,,1
EGLDUSDT,EGLD,TRADING,1,EGLDUSDT,1600066800000,,1
EIGENUSDT,EIGEN,TRADING,1,EIGENUSDT,1727762400000,,1
,ELSA,FUTURES_ONLY,1,ELSAUSDT,1769066700000,futures_only_no_spot,0
ENAUSDT,ENA,TRADING,1,ENAUSDT,1712061000000,,1
ENJUSDT,ENJ,TRADING,1,ENJUSDT,1601362800000,,1
ENSOUSDT,ENSO,TRADING,1,ENSOUSDT,1760432400000,,1
ENSUSDT,ENS,TRADING,1,ENSUSDT,1638169200000,,1
EPICUSDT,EPIC,TRADING,1,EPICUSDT,1741852800000,,1
ERAUSDT,ERA,TRADING,1,ERAUSDT,1752766200000,,1
,ESPORTS,FUTURES_ONLY,1,ESPORTSUSDT,1753783200000,futures_only_no_spot,0
ESPUSDT,ESP,TRADING,1,ESPUSDT,1770711000000,,1
ETCUSDT,ETC,TRADING,1,ETCUSDT,1579161600000,,1
ETHFIUSDT,ETHFI,TRADING,1,ETHFIUSDT,1710775800000,,1
ETHUSDT,ETH,TRADING,1,ETHUSDT,1574840700000,,1
,ETHW,FUTURES_ONLY,1,ETHWUSDT,1701174600000,futures_only_no_spot,0
EULUSDT,EUL,TRADING,1,EULUSDT,1760365800000,,1
EURIUSDT,EURI,TRADING,0,,0,stable,0
EURUSDT,EUR,TRADING,0,,0,stable,0
,EVAA,FUTURES_ONLY,1,EVAAUSDT,1759487400000,futures_only_no_spot,0
EWYBUSDT,EWYB,TRADING,0,,0,,1
,FARTCOIN,FUTURES_ONLY,1,FARTCOINUSDT,1734720300000,futures_only_no_spot,0
FDUSDUSDT,FDUSD,TRADING,0,,0,stable,0
FETUSDT,FET,TRADING,1,FETUSDT,1673766000000,,1
FFUSDT,FF,TRADING,1,FFUSDT,1759152600000,,1
,FHE,FUTURES_ONLY,1,FHEUSDT,1744470000000,futures_only_no_spot,0
FIDAUSDT,FIDA,TRADING,1,FIDAUSDT,1726749000000,,1
,FIGHT,FUTURES_ONLY,1,FIGHTUSDT,1769170500000,futures_only_no_spot,0
FILUSDT,FIL,TRADING,1,FILUSDT,1602828000000,,1
FLNCBUSDT,FLNCB,TRADING,0,,0,,1
,FLOCK,FUTURES_ONLY,1,FLOCKUSDT,1757400300000,futures_only_no_spot,0
FLOKIUSDT,FLOKI,TRADING,1,1000FLOKIUSDT,1683331200000,,1
FLOWUSDT,FLOW,TRADING,1,FLOWUSDT,1644390000000,,1
,FLUID,FUTURES_ONLY,1,FLUIDUSDT,1758708900000,futures_only_no_spot,0
FLUXUSDT,FLUX,TRADING,1,FLUXUSDT,1725346800000,,1
FOGOUSDT,FOGO,TRADING,1,FOGOUSDT,1768053600000,,1
,FOLKS,FUTURES_ONLY,1,FOLKSUSDT,1762432200000,futures_only_no_spot,0
FORMUSDT,FORM,TRADING,1,FORMUSDT,1742371200000,,1
FRAXUSDT,FRAX,TRADING,1,FRAXUSDT,1768464000000,,1
FTTUSDT,FTT,TRADING,0,,0,,1
FUSDT,F,TRADING,1,FUSDT,1750250700000,,1
FWDIBUSDT,FWDIB,TRADING,0,,0,,1
GALAUSDT,GALA,TRADING,1,GALAUSDT,1631862000000,,1
GASUSDT,GAS,TRADING,1,GASUSDT,1698201900000,,1
GENIUSUSDT,GENIUS,TRADING,1,GENIUSUSDT,1776310200000,,1
GIGGLEUSDT,GIGGLE,TRADING,1,GIGGLEUSDT,1760003100000,,1
GLMRUSDT,GLMR,TRADING,0,,0,,1
GLMUSDT,GLM,TRADING,1,GLMUSDT,1708596000000,,1
GLWBUSDT,GLWB,TRADING,0,,0,,1
GMEBUSDT,GMEB,TRADING,0,,0,,1
GMTUSDT,GMT,TRADING,1,GMTUSDT,1647241200000,,1
GMXUSDT,GMX,TRADING,1,GMXUSDT,1676530800000,,1
GNOUSDT,GNO,TRADING,0,,0,,1
GNSUSDT,GNS,TRADING,0,,0,,1
,GOAT,FUTURES_ONLY,1,GOATUSDT,1729776600000,futures_only_no_spot,0
GOOGLBUSDT,GOOGLB,TRADING,0,,0,,1
GPROBUSDT,GPROB,TRADING,0,,0,,1
GPSUSDT,GPS,TRADING,1,GPSUSDT,1739811600000,,1
GRAMUSDT,GRAM,TRADING,1,GRAMUSDT,1782979200000,,1
,GRASS,FUTURES_ONLY,1,GRASSUSDT,1731079800000,futures_only_no_spot,0
,GRIFFAIN,FUTURES_ONLY,1,GRIFFAINUSDT,1735824600000,futures_only_no_spot,0
GRTUSDT,GRT,TRADING,1,GRTUSDT,1608274800000,,1
,GRVT,FUTURES_ONLY,1,GRVTUSDT,1785501900000,futures_only_no_spot,0
GSBUSDT,GSB,TRADING,0,,0,,1
GTCUSDT,GTC,TRADING,1,GTCUSDT,1615791600000,,1
,GUA,FUTURES_ONLY,1,GUAUSDT,1766312100000,futures_only_no_spot,0
GUNUSDT,GUN,TRADING,1,GUNUSDT,1743426000000,,1
GUSDT,G,TRADING,1,GUSDT,1723725000000,,1
,GWEI,FUTURES_ONLY,1,GWEIUSDT,1769664600000,futures_only_no_spot,0
HAEDALUSDT,HAEDAL,TRADING,1,HAEDALUSDT,1746069300000,,1
,HANA,FUTURES_ONLY,1,HANAUSDT,1758886200000,futures_only_no_spot,0
HBARUSDT,HBAR,TRADING,1,HBARUSDT,1615964400000,,1
HEIUSDT,HEI,TRADING,1,HEIUSDT,1739437200000,,1
HEMIUSDT,HEMI,TRADING,1,HEMIUSDT,1756441800000,,1
HIMSBUSDT,HIMSB,TRADING,0,,0,,1
HIVEUSDT,HIVE,TRADING,1,HIVEUSDT,1734953400000,,1
HMSTRUSDT,HMSTR,TRADING,1,HMSTRUSDT,1727353800000,,1
HOLOUSDT,HOLO,TRADING,1,HOLOUSDT,1757592000000,,1
HOMEUSDT,HOME,TRADING,1,HOMEUSDT,1749555000000,,1
HOODBUSDT,HOODB,TRADING,0,,0,,1
HOTUSDT,HOT,TRADING,1,HOTUSDT,1617087600000,,1
HPEBUSDT,HPEB,TRADING,0,,0,,1
HUMAUSDT,HUMA,TRADING,1,HUMAUSDT,1748264400000,,1
,H,FUTURES_ONLY,1,HUSDT,1750843800000,futures_only_no_spot,0
HYPERUSDT,HYPER,TRADING,1,HYPERUSDT,1745326800000,,1
HYPEUSDT,HYPE,TRADING,1,HYPEUSDT,1748601000000,,1
IBMBUSDT,IBMB,TRADING,0,,0,,1
,ICNT,FUTURES_ONLY,1,ICNTUSDT,1751547600000,futures_only_no_spot,0
ICPUSDT,ICP,TRADING,1,ICPUSDT,1627628400000,,1
,IDOL,FUTURES_ONLY,1,IDOLUSDT,1751620500000,futures_only_no_spot,0
IDUSDT,ID,TRADING,1,IDUSDT,1679529600000,,1
ILVUSDT,ILV,TRADING,1,ILVUSDT,1699633800000,,1
IMXUSDT,IMX,TRADING,1,IMXUSDT,1644476400000,,1
INITUSDT,INIT,TRADING,1,INITUSDT,1744785000000,,1
INJUSDT,INJ,TRADING,1,INJUSDT,1660633200000,,1
INTCBUSDT,INTCB,TRADING,0,,0,,1
INTWBUSDT,INTWB,TRADING,0,,0,,1
,IN,FUTURES_ONLY,1,INUSDT,1754562600000,futures_only_no_spot,0
,INX,FUTURES_ONLY,1,INXUSDT,1769799600000,futures_only_no_spot,0
IOSTUSDT,IOST,TRADING,1,IOSTUSDT,1582272300000,,1
IOTAUSDT,IOTA,TRADING,1,IOTAUSDT,1581494400000,,1
IOTXUSDT,IOTX,TRADING,1,IOTXUSDT,1628665200000,,1
IOUSDT,IO,TRADING,1,IOUSDT,1718114400000,,1
IQUSDT,IQ,TRADING,0,,0,,1
IRENBUSDT,IRENB,TRADING,0,,0,,1
,IRYS,FUTURES_ONLY,1,IRYSUSDT,1764172800000,futures_only_no_spot,0
JASMYUSDT,JASMY,TRADING,1,JASMYUSDT,1650351600000,,1
,JCT,FUTURES_ONLY,1,JCTUSDT,1762770600000,futures_only_no_spot,0
,JELLYJELLY,FUTURES_ONLY,1,JELLYJELLYUSDT,1743004800000,futures_only_no_spot,0
JOEUSDT,JOE,TRADING,1,JOEUSDT,1679961600000,,1
JSTUSDT,JST,TRADING,1,JSTUSDT,1745832600000,,1
JTOUSDT,JTO,TRADING,1,JTOUSDT,1702029600000,,1
JUPUSDT,JUP,TRADING,1,JUPUSDT,1706725800000,,1
JUVUSDT,JUV,TRADING,0,,0,,1
KAIAUSDT,KAIA,TRADING,1,KAIAUSDT,1733320800000,,1
KAITOUSDT,KAITO,TRADING,1,KAITOUSDT,1740056400000,,1
,KAS,FUTURES_ONLY,1,KASUSDT,1700186400000,futures_only_no_spot,0
KATUSDT,KAT,TRADING,1,KATUSDT,1772427600000,,1
KAVAUSDT,KAVA,TRADING,1,KAVAUSDT,1595919900000,,1
KERNELUSDT,KERNEL,TRADING,1,KERNELUSDT,1744632000000,,1
,KGEN,FUTURES_ONLY,1,KGENUSDT,1759847400000,futures_only_no_spot,0
KGSTUSDT,KGST,TRADING,0,,0,,1
KITEUSDT,KITE,TRADING,1,KITEUSDT,1761733800000,,1
KMNOUSDT,KMNO,TRADING,1,KMNOUSDT,1734721200000,,1
KNCUSDT,KNC,TRADING,1,KNCUSDT,1592815800000,,1
,KOMA,FUTURES_ONLY,1,KOMAUSDT,1733832900000,futures_only_no_spot,0
KORUBUSDT,KORUB,TRADING,0,,0,,1
KSMUSDT,KSM,TRADING,1,KSMUSDT,1602658800000,,1
,LAB,FUTURES_ONLY,1,LABUSDT,1760711400000,futures_only_no_spot,0
LAUSDT,LA,TRADING,1,LAUSDT,1749114000000,,1
LAYERUSDT,LAYER,TRADING,1,LAYERUSDT,1739288700000,,1
LAZIOUSDT,LAZIO,TRADING,0,,0,,1
LDOUSDT,LDO,TRADING,1,LDOUSDT,1663743600000,,1
,LIGHT,FUTURES_ONLY,1,LIGHTUSDT,1758972600000,futures_only_no_spot,0
LINEAUSDT,LINEA,TRADING,1,LINEAUSDT,1756715400000,,1
LINKUSDT,LINK,TRADING,1,LINKUSDT,1579248000000,,1
LISTAUSDT,LISTA,TRADING,1,LISTAUSDT,1718886600000,,1
LITEBUSDT,LITEB,TRADING,0,,0,,1
,LIT,FUTURES_ONLY,1,LITUSDT,1766511000000,futures_only_no_spot,0
LPTUSDT,LPT,TRADING,1,LPTUSDT,1636527600000,,1
LQTYUSDT,LQTY,TRADING,1,LQTYUSDT,1678258800000,,1
LSKUSDT,LSK,TRADING,1,LSKUSDT,1706192100000,,1
LTCUSDT,LTC,TRADING,1,LTCUSDT,1578557100000,,1
LUMIAUSDT,LUMIA,TRADING,1,LUMIAUSDT,1734521400000,,1
,LUNA2,FUTURES_ONLY,1,LUNA2USDT,1662706800000,futures_only_no_spot,0
LUNAUSDT,LUNA,TRADING,0,,0,,1
LUNCUSDT,LUNC,TRADING,1,1000LUNCUSDT,1662620400000,,1
,LYN,FUTURES_ONLY,1,LYNUSDT,1759735800000,futures_only_no_spot,0
MAGICUSDT,MAGIC,TRADING,1,MAGICUSDT,1674457200000,,1
,MAGMA,FUTURES_ONLY,1,MAGMAUSDT,1767187800000,futures_only_no_spot,0
MANAUSDT,MANA,TRADING,1,MANAUSDT,1615705200000,,1
MANTAUSDT,MANTA,TRADING,1,MANTAUSDT,1705586400000,,1
MANTRAUSDT,MANTRA,TRADING,1,MANTRAUSDT,1772611200000,,1
MARSCOINUSDT,MARSCOIN,TRADING,1,MARSCOINUSDT,1788255900000,,1
MASKUSDT,MASK,TRADING,1,MASKUSDT,1626418800000,,1
,MAVIA,FUTURES_ONLY,1,MAVIAUSDT,1743008400000,futures_only_no_spot,0
MAVUSDT,MAV,TRADING,1,MAVUSDT,1688040000000,,1
MBLUSDT,MBL,TRADING,0,,0,,1
MEGAUSDT,MEGA,TRADING,1,MEGAUSDT,1769775300000,,1
,MELANIA,FUTURES_ONLY,1,MELANIAUSDT,1737365400000,futures_only_no_spot,0
MEMEUSDT,MEME,TRADING,1,MEMEUSDT,1699012800000,,1
,MERL,FUTURES_ONLY,1,MERLUSDT,1748507400000,futures_only_no_spot,0
METABUSDT,METAB,TRADING,0,,0,,1
METISUSDT,METIS,TRADING,1,METISUSDT,1710232200000,,1
METUSDT,MET,TRADING,1,METUSDT,1760185800000,,1
MEUSDT,ME,TRADING,1,MEUSDT,1733850000000,,1
,MEW,FUTURES_ONLY,1,MEWUSDT,1718632800000,futures_only_no_spot,0
MINAUSDT,MINA,TRADING,1,MINAUSDT,1675407600000,,1
MIRAUSDT,MIRA,TRADING,1,MIRAUSDT,1758888000000,,1
MITOUSDT,MITO,TRADING,1,MITOUSDT,1756398600000,,1
MMTUSDT,MMT,TRADING,1,MMTUSDT,1762257600000,,1
,MOCA,FUTURES_ONLY,1,MOCAUSDT,1734348600000,futures_only_no_spot,0
,MON,FUTURES_ONLY,1,MONUSDT,1760080500000,futures_only_no_spot,0
,MOODENG,FUTURES_ONLY,1,MOODENGUSDT,1729850400000,futures_only_no_spot,0
MORPHOUSDT,MORPHO,TRADING,1,MORPHOUSDT,1732717800000,,1
MOVEUSDT,MOVE,TRADING,1,MOVEUSDT,1733752800000,,1
MOVRUSDT,MOVR,TRADING,1,MOVRUSDT,1703593800000,,1
MRNABUSDT,MRNAB,TRADING,0,,0,,1
MRVLBUSDT,MRVLB,TRADING,0,,0,,1
MSFTBUSDT,MSFTB,TRADING,0,,0,,1
MSTRBUSDT,MSTRB,TRADING,0,,0,,1
MTLUSDT,MTL,TRADING,1,MTLUSDT,1617174000000,,1
MUBARAKUSDT,MUBARAK,TRADING,1,MUBARAKUSDT,1742219100000,,1
MUBUSDT,MUB,TRADING,0,,0,,1
,M,FUTURES_ONLY,1,MUSDT,1751880600000,futures_only_no_spot,0
MUUBUSDT,MUUB,TRADING,0,,0,,1
MVLLBUSDT,MVLLB,TRADING,0,,0,,1
,MYX,FUTURES_ONLY,1,MYXUSDT,1750249800000,futures_only_no_spot,0
,NAORIS,FUTURES_ONLY,1,NAORISUSDT,1753965000000,futures_only_no_spot,0
NBISBUSDT,NBISB,TRADING,0,,0,,1
NEARUSDT,NEAR,TRADING,1,NEARUSDT,1602748800000,,1
NEIROUSDT,NEIRO,TRADING,1,NEIROUSDT,1726486200000,,1
NEOUSDT,NEO,TRADING,1,NEOUSDT,1581929100000,,1
NEWTUSDT,NEWT,TRADING,1,NEWTUSDT,1750343400000,,1
NEXOUSDT,NEXO,TRADING,0,,0,,1
NFLXBUSDT,NFLXB,TRADING,0,,0,,1
NIGHTUSDT,NIGHT,TRADING,1,NIGHTUSDT,1765364400000,,1
NILUSDT,NIL,TRADING,1,NILUSDT,1742821200000,,1
NMRUSDT,NMR,TRADING,1,NMRUSDT,1687435200000,,1
NOKBUSDT,NOKB,TRADING,0,,0,,1
NOMUSDT,NOM,TRADING,1,NOMUSDT,1759305600000,,1
NOTUSDT,NOT,TRADING,1,NOTUSDT,1715868000000,,1
NVDABUSDT,NVDAB,TRADING,0,,0,,1
NXPCUSDT,NXPC,TRADING,1,NXPCUSDT,1747290600000,,1
OGNUSDT,OGN,TRADING,1,OGNUSDT,1617174000000,,1
OGUSDT,OG,TRADING,1,OGUSDT,1747040400000,,1
ONDOUSDT,ONDO,TRADING,1,ONDOUSDT,1705755600000,,1
ONEUSDT,ONE,TRADING,1,ONEUSDT,1615964400000,,1
ONGUSDT,ONG,TRADING,1,ONGUSDT,1701090000000,,1
ONTUSDT,ONT,TRADING,1,ONTUSDT,1581408300000,,1
,ON,FUTURES_ONLY,1,ONUSDT,1761294600000,futures_only_no_spot,0
OPENUSDT,OPEN,TRADING,1,OPENUSDT,1757336400000,,1
OPGUSDT,OPG,TRADING,1,OPGUSDT,1776871800000,,1
OPNUSDT,OPN,TRADING,1,OPNUSDT,1771686000000,,1
OPUSDT,OP,TRADING,1,OPUSDT,1654066800000,,1
ORCAUSDT,ORCA,TRADING,1,ORCAUSDT,1733497200000,,1
ORCLBUSDT,ORCLB,TRADING,0,,0,,1
,ORDER,FUTURES_ONLY,1,ORDERUSDT,1758890700000,futures_only_no_spot,0
ORDIUSDT,ORDI,TRADING,1,ORDIUSDT,1699360200000,,1
OSMOUSDT,OSMO,TRADING,0,,0,,1
,O,FUTURES_ONLY,1,OUSDT,1782301500000,futures_only_no_spot,0
PARTIUSDT,PARTI,TRADING,1,PARTIUSDT,1742907600000,,1
PAXGUSDT,PAXG,TRADING,1,PAXGUSDT,1743071400000,,1
PDDBUSDT,PDDB,TRADING,0,,0,,1
PENDLEUSDT,PENDLE,TRADING,1,PENDLEUSDT,1690511400000,,1
PENGUUSDT,PENGU,TRADING,1,PENGUUSDT,1734452100000,,1
PEOPLEUSDT,PEOPLE,TRADING,1,PEOPLEUSDT,1640242800000,,1
PEPEUSDT,PEPE,TRADING,1,1000PEPEUSDT,1683244800000,,1
,PHAROS,FUTURES_ONLY,1,PHAROSUSDT,1778735700000,futures_only_no_spot,0
PHAUSDT,PHA,TRADING,1,PHAUSDT,1735558200000,,1
,PIEVERSE,FUTURES_ONLY,1,PIEVERSEUSDT,1763119800000,futures_only_no_spot,0
,PIPPIN,FUTURES_ONLY,1,PIPPINUSDT,1737713700000,futures_only_no_spot,0
PIXELUSDT,PIXEL,TRADING,1,PIXELUSDT,1708354800000,,1
,PLAY,FUTURES_ONLY,1,PLAYUSDT,1753954200000,futures_only_no_spot,0
PLTRBUSDT,PLTRB,TRADING,0,,0,,1
PLUMEUSDT,PLUME,TRADING,1,PLUMEUSDT,1742562000000,,1
PNUTUSDT,PNUT,TRADING,1,PNUTUSDT,1731328200000,,1
POLUSDT,POL,TRADING,1,POLUSDT,1726229700000,,1
POLYXUSDT,POLYX,TRADING,1,POLYXUSDT,1698201000000,,1
,PONS,FUTURES_ONLY,1,PONSUSDT,1788677100000,futures_only_no_spot,0
,POPCAT,FUTURES_ONLY,1,POPCATUSDT,1724331600000,futures_only_no_spot,0
PORTALUSDT,PORTAL,TRADING,1,PORTALUSDT,1709218800000,,1
PORTOUSDT,PORTO,TRADING,0,,0,,1
,POWER,FUTURES_ONLY,1,POWERUSDT,1765011600000,futures_only_no_spot,0
POWRUSDT,POWR,TRADING,1,POWRUSDT,1698373800000,,1
,PRL,FUTURES_ONLY,1,PRLUSDT,1775039400000,futures_only_no_spot,0
,PROMPT,FUTURES_ONLY,1,PROMPTUSDT,1744353000000,futures_only_no_spot,0
PROMUSDT,PROM,TRADING,1,PROMUSDT,1736944200000,,1
PROVEUSDT,PROVE,TRADING,1,PROVEUSDT,1754413200000,,1
PSGUSDT,PSG,TRADING,0,,0,,1
,PTB,FUTURES_ONLY,1,PTBUSDT,1756902600000,futures_only_no_spot,0
,PUMPBTC,FUTURES_ONLY,1,PUMPBTCUSDT,1749808800000,futures_only_no_spot,0
PUMPUSDT,PUMP,TRADING,1,PUMPUSDT,1752132600000,,1
PUNDIXUSDT,PUNDIX,TRADING,1,PUNDIXUSDT,1746007200000,,1
PYPLBUSDT,PYPLB,TRADING,0,,0,,1
PYTHUSDT,PYTH,TRADING,1,PYTHUSDT,1700663400000,,1
QCOMBUSDT,QCOMB,TRADING,0,,0,,1
QIUSDT,QI,TRADING,0,,0,,1
QKCUSDT,QKC,TRADING,0,,0,,1
QNTBUSDT,QNTB,TRADING,0,,0,,1
QNTUSDT,QNT,TRADING,1,QNTUSDT,1666076400000,,1
QQQBUSDT,QQQB,TRADING,0,,0,,1
QTUMUSDT,QTUM,TRADING,1,QTUMUSDT,1582185900000,,1
QUICKUSDT,QUICK,TRADING,0,,0,,1
,Q,FUTURES_ONLY,1,QUSDT,1756798200000,futures_only_no_spot,0
RADUSDT,RAD,TRADING,0,,0,,1
RAREUSDT,RARE,TRADING,1,RAREUSDT,1723726800000,,1
,RAVE,FUTURES_ONLY,1,RAVEUSDT,1765726200000,futures_only_no_spot,0
,RAYSOL,FUTURES_ONLY,1,RAYSOLUSDT,1733832000000,futures_only_no_spot,0
RAYUSDT,RAY,TRADING,0,,0,,1
RDDTBUSDT,RDDTB,TRADING,0,,0,,1
,RECALL,FUTURES_ONLY,1,RECALLUSDT,1760531400000,futures_only_no_spot,0
REDUSDT,RED,TRADING,1,REDUSDT,1741276800000,,1
RENDERUSDT,RENDER,TRADING,1,RENDERUSDT,1721988000000,,1
REQUSDT,REQ,TRADING,0,,0,,1
RESOLVUSDT,RESOLV,TRADING,1,RESOLVUSDT,1749562200000,,1
REUSDT,RE,TRADING,1,REUSDT,1781791200000,,1
REZUSDT,REZ,TRADING,1,REZUSDT,1714485600000,,1
RIFUSDT,RIF,TRADING,1,RIFUSDT,1697891400000,,1
,RIVER,FUTURES_ONLY,1,RIVERUSDT,1760712300000,futures_only_no_spot,0
RKLBBUSDT,RKLBB,TRADING,0,,0,,1
RLCUSDT,RLC,TRADING,1,RLCUSDT,1596178800000,,1
RLUSDUSDT,RLUSD,TRADING,0,,0,,1
ROBOUSDT,ROBO,TRADING,1,ROBOUSDT,1772181900000,,1
RONINUSDT,RONIN,TRADING,1,RONINUSDT,1707193800000,,1
ROSEUSDT,ROSE,TRADING,1,ROSEUSDT,1640934000000,,1
RPLUSDT,RPL,TRADING,1,RPLUSDT,1725885000000,,1
RSRUSDT,RSR,TRADING,1,RSRUSDT,1603091100000,,1
RUNEUSDT,RUNE,TRADING,1,RUNEUSDT,1599203400000,,1
RVNUSDT,RVN,TRADING,1,RVNUSDT,1614063600000,,1
,SAFE,FUTURES_ONLY,1,SAFEUSDT,1729859400000,futures_only_no_spot,0
SAGAUSDT,SAGA,TRADING,1,SAGAUSDT,1712658600000,,1
SAHARAUSDT,SAHARA,TRADING,1,SAHARAUSDT,1750939200000,,1
SANDUSDT,SAND,TRADING,1,SANDUSDT,1610953200000,,1
SANTOSUSDT,SANTOS,TRADING,1,SANTOSUSDT,1730124000000,,1
SAPIENUSDT,SAPIEN,TRADING,1,SAPIENUSDT,1755711000000,,1
SCRUSDT,SCR,TRADING,1,SCRUSDT,1729591200000,,1
SCUSDT,SC,TRADING,0,,0,,1
SEIUSDT,SEI,TRADING,1,SEIUSDT,1692239400000,,1
SENTUSDT,SENT,TRADING,1,SENTUSDT,1763124300000,,1
SFPUSDT,SFP,TRADING,1,SFPUSDT,1614150000000,,1
SHAZBUSDT,SHAZB,TRADING,0,,0,,1
SHELLUSDT,SHELL,TRADING,1,SHELLUSDT,1739812500000,,1
SHIBUSDT,SHIB,TRADING,1,1000SHIBUSDT,1620630000000,,1
SIGNUSDT,SIGN,TRADING,1,SIGNUSDT,1745838000000,,1
,SIREN,FUTURES_ONLY,1,SIRENUSDT,1742634000000,futures_only_no_spot,0
SKHYBUSDT,SKHYB,TRADING,0,,0,,1
SKLUSDT,SKL,TRADING,1,SKLUSDT,1598252400000,,1
,SKR,FUTURES_ONLY,1,SKRUSDT,1769078700000,futures_only_no_spot,0
,SKYAI,FUTURES_ONLY,1,SKYAIUSDT,1747129500000,futures_only_no_spot,0
SKYUSDT,SKY,TRADING,1,SKYUSDT,1757401200000,,1
SLPUSDT,SLP,TRADING,1,SLPUSDT,1753271100000,,1
,SLX,FUTURES_ONLY,1,SLXUSDT,1780299000000,futures_only_no_spot,0
SMCIBUSDT,SMCIB,TRADING,0,,0,,1
SMHBUSDT,SMHB,TRADING,0,,0,,1
SNDKBUSDT,SNDKB,TRADING,0,,0,,1
SNXUSDT,SNX,TRADING,1,SNXUSDT,1597388400000,,1
SNXXBUSDT,SNXXB,TRADING,0,,0,,1
SOLUSDT,SOL,TRADING,1,SOLUSDT,1600066800000,,1
SOLVUSDT,SOLV,TRADING,1,SOLVUSDT,1737116100000,,1
SOMIUSDT,SOMI,TRADING,1,SOMIUSDT,1756114200000,,1
,SONIC,FUTURES_ONLY,1,SONICUSDT,1736319600000,futures_only_no_spot,0
,SOON,FUTURES_ONLY,1,SOONUSDT,1747989000000,futures_only_no_spot,0
SOPHUSDT,SOPH,TRADING,1,SOPHUSDT,1748437200000,,1
SOXLBUSDT,SOXLB,TRADING,0,,0,,1
SOXSBUSDT,SOXSB,TRADING,0,,0,,1
,SPACE,FUTURES_ONLY,1,SPACEUSDT,1769168700000,futures_only_no_spot,0
SPCXBUSDT,SPCXB,TRADING,0,,0,,1
SPELLUSDT,SPELL,TRADING,1,SPELLUSDT,1662361200000,,1
SPKUSDT,SPK,TRADING,1,SPKUSDT,1750150800000,,1
,SPORTFUN,FUTURES_ONLY,1,SPORTFUNUSDT,1768571100000,futures_only_no_spot,0
,SPX,FUTURES_ONLY,1,SPXUSDT,1733834700000,futures_only_no_spot,0
SPYBUSDT,SPYB,TRADING,0,,0,,1
,SQD,FUTURES_ONLY,1,SQDUSDT,1749645900000,futures_only_no_spot,0
SQQQBUSDT,SQQQB,TRADING,0,,0,,1
SSVUSDT,SSV,TRADING,1,SSVUSDT,1677135600000,,1
,STABLE,FUTURES_ONLY,1,STABLEUSDT,1762430400000,futures_only_no_spot,0
,STAR,FUTURES_ONLY,1,STARUSDT,1778736600000,futures_only_no_spot,0
,STBL,FUTURES_ONLY,1,STBLUSDT,1758087900000,futures_only_no_spot,0
STEEMUSDT,STEEM,TRADING,1,STEEMUSDT,1699453800000,,1
STGUSDT,STG,TRADING,0,,0,,1
STOUSDT,STO,TRADING,1,STOUSDT,1744469100000,,1
STRAXUSDT,STRAX,TRADING,0,,0,,1
STRKUSDT,STRK,TRADING,1,STRKUSDT,1708448400000,,1
STXBUSDT,STXB,TRADING,0,,0,,1
STXUSDT,STX,TRADING,1,STXUSDT,1676876400000,,1
SUIUSDT,SUI,TRADING,1,SUIUSDT,1683072000000,,1
SUNUSDT,SUN,TRADING,1,SUNUSDT,1724331900000,,1
SUPERUSDT,SUPER,TRADING,1,SUPERUSDT,1701003600000,,1
SUSDT,S,TRADING,1,SUSDT,1737021600000,,1
SUSHIUSDT,SUSHI,TRADING,1,SUSHIUSDT,1599202800000,,1
,SWARMS,FUTURES_ONLY,1,SWARMSUSDT,1736252100000,futures_only_no_spot,0
SXTUSDT,SXT,TRADING,1,SXTUSDT,1746174600000,,1
SYNUSDT,SYN,TRADING,1,SYNUSDT,1723811400000,,1
SYRUPUSDT,SYRUP,TRADING,1,SYRUPUSDT,1746606600000,leveraged,0
,TAC,FUTURES_ONLY,1,TACUSDT,1752575400000,futures_only_no_spot,0
,TAG,FUTURES_ONLY,1,TAGUSDT,1753442100000,futures_only_no_spot,0
,TAIKO,FUTURES_ONLY,1,TAIKOUSDT,1749645000000,futures_only_no_spot,0
,TAKE,FUTURES_ONLY,1,TAKEUSDT,1756898100000,futures_only_no_spot,0
TAOUSDT,TAO,TRADING,1,TAOUSDT,1712845800000,,1
,TA,FUTURES_ONLY,1,TAUSDT,1753083000000,futures_only_no_spot,0
TFUELUSDT,TFUEL,TRADING,0,,0,,1
THETAUSDT,THETA,TRADING,1,THETAUSDT,1590566400000,,1
THEUSDT,THE,TRADING,1,THEUSDT,1732709700000,,1
TIAUSDT,TIA,TRADING,1,TIAUSDT,1698769800000,,1
TKOUSDT,TKO,TRADING,0,,0,,1
TLMUSDT,TLM,TRADING,1,TLMUSDT,1680048000000,,1
TNSRUSDT,TNSR,TRADING,1,TNSRUSDT,1712595600000,,1
,TOSHI,FUTURES_ONLY,1,TOSHIUSDT,1758087000000,futures_only_no_spot,0
TOWNSUSDT,TOWNS,TRADING,1,TOWNSUSDT,1754404200000,,1
TQQQBUSDT,TQQQB,TRADING,0,,0,,1
,TRADOOR,FUTURES_ONLY,1,TRADOORUSDT,1758285000000,futures_only_no_spot,0
TRBUSDT,TRB,TRADING,1,TRBUSDT,1599116400000,,1
TREEUSDT,TREE,TRADING,1,TREEUSDT,1753797600000,,1
,TRIA,FUTURES_ONLY,1,TRIAUSDT,1770380100000,futures_only_no_spot,0
TRUMPUSDT,TRUMP,TRADING,1,TRUMPUSDT,1737205200000,,1
,TRUST,FUTURES_ONLY,1,TRUSTUSDT,1762335000000,futures_only_no_spot,0
,TRUTH,FUTURES_ONLY,1,TRUTHUSDT,1759320000000,futures_only_no_spot,0
TRXUSDT,TRX,TRADING,1,TRXUSDT,1579075500000,,1
TSLABUSDT,TSLAB,TRADING,0,,0,,1
TSMBUSDT,TSMB,TRADING,0,,0,,1
TSTUSDT,TST,TRADING,1,TSTUSDT,1739106000000,,1
TURBOUSDT,TURBO,TRADING,1,TURBOUSDT,1717083000000,,1
TURTLEUSDT,TURTLE,TRADING,1,TURTLEUSDT,1761145200000,,1
TUSDT,T,TRADING,1,TUSDT,1675148400000,,1
TUSDUSDT,TUSD,TRADING,0,,0,stable,0
TUTUSDT,TUT,TRADING,1,TUTUSDT,1742461200000,,1
TWTUSDT,TWT,TRADING,1,TWTUSDT,1699021800000,,1
,UAI,FUTURES_ONLY,1,UAIUSDT,1762428600000,futures_only_no_spot,0
,UB,FUTURES_ONLY,1,UBUSDT,1757673000000,futures_only_no_spot,0
UMAUSDT,UMA,TRADING,1,UMAUSDT,1683590400000,,1
UNIUSDT,UNI,TRADING,1,UNIUSDT,1600412400000,,1
USARBUSDT,USARB,TRADING,0,,0,,1
USD1USDT,USD1,TRADING,0,,0,stable,0
USDCUSDT,USDC,TRADING,1,USDCUSDT,1678579200000,stable,0
USDEUSDT,USDE,TRADING,0,,0,stable,0
USDSUSDT,USDS,TRADING,0,,0,stable,0
,USELESS,FUTURES_ONLY,1,USELESSUSDT,1755260100000,futures_only_no_spot,0
USTCUSDT,USTC,TRADING,1,USTCUSDT,1701088200000,stable,0
USUALUSDT,USUAL,TRADING,1,USUALUSDT,1734526800000,,1
,US,FUTURES_ONLY,1,USUSDT,1765536300000,futures_only_no_spot,0
UUSDT,U,TRADING,0,,0,,1
VANAUSDT,VANA,TRADING,1,VANAUSDT,1734355800000,,1
VELODROMEUSDT,VELODROME,TRADING,1,VELODROMEUSDT,1734106500000,,1
,VELVET,FUTURES_ONLY,1,VELVETUSDT,1752570900000,futures_only_no_spot,0
VETUSDT,VET,TRADING,1,VETUSDT,1581667200000,,1
VIRTUALUSDT,VIRTUAL,TRADING,1,VIRTUALUSDT,1733833800000,,1
VTHOUSDT,VTHO,TRADING,1,VTHOUSDT,1737538200000,,1
,VVV,FUTURES_ONLY,1,VVVUSDT,1738138500000,futures_only_no_spot,0
WALUSDT,WAL,TRADING,1,WALUSDT,1743089400000,,1
WAXPUSDT,WAXP,TRADING,1,WAXPUSDT,1697640300000,,1
WBETHUSDT,WBETH,TRADING,0,,0,,1
WBTCUSDT,WBTC,TRADING,0,,0,,1
WCTUSDT,WCT,TRADING,1,WCTUSDT,1744714800000,,1
WDCBUSDT,WDCB,TRADING,0,,0,,1
WENBUSDT,WENB,TRADING,0,,0,,1
,WET,FUTURES_ONLY,1,WETUSDT,1765350000000,futures_only_no_spot,0
WIFUSDT,WIF,TRADING,1,WIFUSDT,1705587300000,,1
WINUSDT,WIN,TRADING,0,,0,,1
WLDUSDT,WLD,TRADING,1,WLDUSDT,1690200000000,,1
WLFIUSDT,WLFI,TRADING,1,WLFIUSDT,1755937800000,,1
WOOUSDT,WOO,TRADING,1,WOOUSDT,1649314800000,,1
WUSDT,W,TRADING,1,WUSDT,1712158200000,,1
XAIUSDT,XAI,TRADING,1,XAIUSDT,1704808800000,,1
,XAN,FUTURES_ONLY,1,XANUSDT,1759141800000,futures_only_no_spot,0
XAUTUSDT,XAUT,TRADING,1,XAUTUSDT,1774533600000,,1
XECUSDT,XEC,TRADING,1,1000XECUSDT,1631775600000,,1
XLMUSDT,XLM,TRADING,1,XLMUSDT,1579507200000,,1
,XMR,FUTURES_ONLY,1,XMRUSDT,1580716800000,futures_only_no_spot,0
XNOUSDT,XNO,TRADING,0,,0,,1
,XNY,FUTURES_ONLY,1,XNYUSDT,1755085500000,futures_only_no_spot,0
,XPIN,FUTURES_ONLY,1,XPINUSDT,1757664000000,futures_only_no_spot,0
XPLUSDT,XPL,TRADING,1,XPLUSDT,1755855000000,,1
XRPUSDT,XRP,TRADING,1,XRPUSDT,1578298800000,,1
XTZUSDT,XTZ,TRADING,1,XTZUSDT,1580976000000,,1
XUSDUSDT,XUSD,TRADING,0,,0,stable,0
XVGUSDT,XVG,TRADING,1,XVGUSDT,1688558400000,,1
XVSUSDT,XVS,TRADING,1,XVSUSDT,1681257600000,,1
YBUSDT,YB,TRADING,1,YBUSDT,1760107500000,,1
YFIUSDT,YFI,TRADING,1,YFIUSDT,1598857200000,,1
YGGUSDT,YGG,TRADING,1,YGGUSDT,1691206200000,,1
ZAMAUSDT,ZAMA,TRADING,1,ZAMAUSDT,1767949200000,,1
ZBTUSDT,ZBT,TRADING,1,ZBTUSDT,1760700600000,,1
ZECUSDT,ZEC,TRADING,1,ZECUSDT,1580889600000,,1
ZENUSDT,ZEN,TRADING,1,ZENUSDT,1606201200000,,1
,ZEREBRO,FUTURES_ONLY,1,ZEREBROUSDT,1735826400000,futures_only_no_spot,0
,ZEST,FUTURES_ONLY,1,ZESTUSDT,1780581600000,futures_only_no_spot,0
,ZETA,FUTURES_ONLY,1,ZETAUSDT,1706862600000,futures_only_no_spot,0
ZILUSDT,ZIL,TRADING,1,ZILUSDT,1592470800000,,1
ZKCUSDT,ZKC,TRADING,1,ZKCUSDT,1757944800000,,1
ZKPUSDT,ZKP,TRADING,1,ZKPUSDT,1766311200000,,1
ZKUSDT,ZK,TRADING,1,ZKUSDT,1718622000000,,1
ZMBUSDT,ZMB,TRADING,0,,0,,1
,ZORA,FUTURES_ONLY,1,ZORAUSDT,1753441200000,futures_only_no_spot,0
ZROUSDT,ZRO,TRADING,1,ZROUSDT,1718893800000,,1
ZRXUSDT,ZRX,TRADING,1,ZRXUSDT,1592989200000,,1
,哈基米,FUTURES_ONLY,1,哈基米USDT,1788678900000,futures_only_no_spot,0
币安人生USDT,币安人生,TRADING,1,币安人生USDT,1760958000000,,1
,我踏马来了,FUTURES_ONLY,1,我踏马来了USDT,1769005800000,futures_only_no_spot,0
牛来USDT,牛来,TRADING,1,牛来USDT,1788089400000,,1
,龙虾,FUTURES_ONLY,1,龙虾USDT,1773228600000,futures_only_no_spot,0
